bir	6310729
olmak	4694092
ben	3680672
ne	3159486
mi	2225181
yapmak	1981352
demek	1957876
on	1825846
şey	1728284
sen	1645880
etmek	1625182
çok	1599228
am	1553128
değmek	1506198
istemek	1465008
bun	1448867
damak	1436146
evet	1417688
se	1334798
iyi	1287591
gitmek	1287004
gelmek	1258894
bura	1181688
söylemek	1142562
bilmek	1112342
hayır	1109668
daha	1068428
iç	1063276
görmek	1021937
içmek	1004143
yok	962493
de	891051
kadar	879977
var	863695
zaman	856457
varmak	856424
vermek	813376
biz	799608
tamam	795177
bakmak	764770
almak	741515
her	729184
yamak	726412
siz	718969
iş	671678
sanmak	666507
kendi	610607
şu	610483
nasıl	609974
sadece	593487
öyle	558408
bilemek	534106
sonra	531986
şimdi	520676
hiç	505950
nere	496058
imek	475294
önce	450738
güzel	438344
emek	432841
çocuk	432553
iki	432381
anlamak	429867
baba	425469
biraz	423072
gerekmek	405027
teşekkür	399929
yemek	397652
anne	391931
insan	388416
ora	387077
ev	385949
kalmak	380964
biri	378794
böyle	376154
yer	370907
yani	368481
bulmak	365709
başka	351934
geri	351017
neden	350851
gün	346770
bırakmak	346136
lütfen	338212
tanrı	336572
ölmek	335384
hayat	333831
çıkmak	333079
eğmek	323262
artık	320030
tek	315138
onmak	313688
doğru	313458
sevmek	307850
aramak	304294
belki	298332
kız	297219
pek	286491
adam	286100
gerçek	284320
durmak	283319
zor	282242
ban	281080
banmak	281080
gece	280849
büyük	277984
konuşmak	272583
baş	262848
düşünmek	260405
arkadaş	257770
mis	257443
dönmek	249516
en	243530
beklemek	243248
çalışmak	239466
et	239132
yol	237895
san	237327
geçmek	236678
kötü	235920
ihtiyaç	233675
kimse	233180
düşmek	232381
el	231422
başlamak	230808
hep	230245
tüm	226079
olur	224318
harika	224183
ada	221764
merhaba	220644
para	205189
çalmak	204764
duymak	203828
bayan	202583
son	202310
herkes	199974
ilk	198949
an	197742
girmek	196757
ara	195642
yüz	194846
bütün	193805
saat	192762
getirmek	190620
hemen	185520
ad	183426
bay	179405
küçük	179380
eder	178608
işte	177843
al	177248
hepsi	171025
hak	169208
göz	167057
konu	166750
kişi	164008
aile	162232
sormak	162019
dost	161434
peki	160588
dünya	156758
bugün	155948
ta	155910
birlik	155314
şe	153424
dakika	152026
inanmak	150015
öldürmek	149986
polis	149042
baymak	147756
konmak	147718
tekrar	147687
karşı	146687
fazla	146514
özür	145809
somak	144044
asıl	143797
üç	142520
hala	142402
şekil	142265
söz	141969
yine	141512
yeni	140192
yıl	139480
haber	139360
bence	139058
diğer	138788
lazım	138281
araba	137916
kadın	137742
ister	136652
kardeş	136587
erkek	136375
hazır	135998
kullanmak	135568
iz	134972
taraf	133070
zaten	133010
hoş	131126
haydi	130659
birkaç	130150
fikir	128668
bebek	128627
içeri	128590
dışarı	127946
tatlı	127164
il	125642
ilmek	125642
göstermek	124884
kızmak	124280
can	124163
oğul	124056
oda	123762
bile	122862
yermek	122831
kafa	122600
kaçmak	122169
olay	121812
hatırlamak	121747
yarmak	121178
onamak	120325
tanımak	119049
soru	119041
ilgili	118520
efendi	118342
fark	117568
tane	117557
çekmek	116526
dinlemek	116034
yaşamak	115678
un	115157
unutmak	114790
yan	113932
doktor	113920
ney	113822
efe	113548
telefon	113338
yen	112114
faz	112090
lanet	112065
gerçekte	109805
gerek	109155
la	108963
olmadık	108905
yardım	108660
öğrenmek	108161
kapı	107610
durum	107378
hal	107076
korkmak	106298
kal	105464
sahip	105224
gerçekten	105071
duru	104166
şans	103465
kesinlikle	103043
aynı	102817
inmek	102534
tutmak	102255
üzgü	102250
üzgün	102250
oturmak	101859
götürmek	100342
bul	100044
yar	99827
mutlu	99435
ön	99094
atmak	98928
he	98679
tam	98072
parmak	96234
kabul	96227
görünmek	96092
sorun	95714
niye	95696
in	94965
bitmek	94790
yüzde	93950
kez	92618
sorumak	91754
yanlış	90913
falan	90595
izin	90435
akşam	90364
ayn	89932
orta	89694
kadı	88882
akıl	88289
em	87911
hakkında	87134
özel	87125
okul	86415
emin	86382
kontrol	86304
arka	85629
açmak	85410
içinde	85059
sabah	84779
hâlâ	84314
deva	83680
devam	83680
az	83668
yılmak	82617
dış	82284
yalnız	82159
hangi	81930
güç	81909
beri	81809
ses	81393
uzak	81088
açık	79892
geç	79560
merak	79560
üzeri	79494
alt	79475
aptal	79085
olmaz	78709
yaş	77758
yazmak	77555
ciddi	77229
selam	77151
bunamak	76872
sebep	76067
hamak	76066
sela	75644
cevap	75288
dilemek	75158
kalp	74676
pekâlâ	74550
geçen	74410
anlam	73748
eski	73607
ölü	72986
ateş	72551
vurmak	72415
aslında	72394
oynamak	72153
sıra	71630
sanki	71595
kaç	71260
üst	71237
yoksamak	71232
sürmek	71122
dilmek	71074
beş	70969
nefret	70932
kesmek	70876
hafta	70874
çıkarmak	70740
anmak	70652
dikkat	70341
aşk	69782
yarı	69285
şehir	69109
parça	69089
çabuk	68856
yardımcı	68371
bey	68289
görüşmek	67750
uz	67212
uzun	67212
film	66594
tamamen	66164
genç	65795
parti	65653
su	65588
hata	65547
kurtarmak	65402
numara	65373
gelecek	65282
kaybetmek	64966
bek	64725
bazı	63566
yürümek	63547
yakalamak	63541
dört	63526
suç	63358
kolay	63141
ummak	63060
isim	63051
koca	62716
bilgi	62584
verdi	62528
ancak	62169
ayak	61876
boş	61441
beraber	61174
neler	61150
le	61112
hissetmek	60880
aşağı	60799
anlatmak	60751
görev	60730
plan	60592
altı	60589
benzemek	59629
ay	59281
sağ	59098
bazen	58870
henüz	58238
süre	58228
birbiri	58141
herif	57638
denemek	57425
ede	57202
izlemek	57006
adamı	56915
din	56718
savaş	56631
koymak	56461
sevgili	56409
takip	56330
sefer	56324
geçirmek	56141
ders	56066
kahretmek	55826
tabi	55745
azmak	55499
günü	55476
muhtemelen	55358
saniye	55330
dek	55155
mükemmel	54748
sonuç	54366
okumak	54264
kitap	54016
köpek	53957
ikinci	53792
davranmak	53644
eskimek	53606
herhangi	53421
hızlı	53304
resim	52986
duy	52714
garip	52024
yetmek	51840
rahat	51826
yatak	51671
tür	51514
yolmak	51239
güçlü	51168
sağmak	50947
bilir	50937
hareket	50860
asla	50786
sumak	50502
korumak	50227
acele	50154
as	50125
hava	50098
çeviri	49884
karı	49795
hayal	49552
ayrılmak	49342
komik	49227
kalkmak	48637
kazanmak	48532
galiba	48488
etraf	48425
bahsetmek	48359
yukarı	48141
dans	48107
zarar	48060
at	47900
elbet	47626
güvenlik	47281
mesaj	47103
tanışmak	47016
göndermek	46651
dolu	46375
ölüm	46208
emmek	46136
haf	46116
düş	45905
elbette	45842
kes	45151
katil	45115
asker	45057
dermek	45025
böylece	45002
yaramak	45001
acaba	45000
evin	44955
hastane	44915
sürekli	44894
terk	44561
ahmak	44428
aynen	44246
deli	44232
seks	43886
korkunç	43437
gizli	43433
işemek	43344
gemi	43321
kapamak	43250
yalan	43097
çene	42970
yeterince	42925
evlenmek	42719
aymak	42466
uygun	42095
karmak	42040
mümkün	41956
gelen	41873
is	41830
saymak	41605
baz	41558
tuhaf	41553
dava	41506
do	41433
cinayet	41350
endişelenmek	41310
oy	41290
ayrıca	41276
ayrıç	41276
sağlamak	41262
yalamak	41225
ruh	41035
ödemek	40948
kulak	40876
yeter	40864
elmek	40856
şura	40566
belli	40486
anlaşmak	40475
beyaz	40454
karar	40284
tahmin	40276
bölge	40136
üzerinde	40097
bitirmek	39887
ilişki	39741
gelir	39635
hasta	39548
gele	39236
ah	39210
dü	39024
dün	39024
değişmek	38961
uçak	38905
berbat	38870
kral	38851
müzik	38826
teklif	38770
sam	38735
içki	38726
aç	38602
şöyle	38546
yalnızca	38541
savaşmak	38498
nokta	38472
emir	38309
yakın	38256
oyun	38124
yatmak	38109
te	37883
patron	37794
alacak	37595
ilgi	37314
altın	37233
milyon	37092
satmak	37069
millet	37026
merkez	36847
ağız	36838
kar	36798
kan	36737
güvenmek	36706
dikkatli	36548
ceset	36187
ofis	36027
hoşlanmak	35945
saki	35929
sakin	35929
ajan	35801
normal	35712
sokak	35710
hayvan	35628
yanmak	35564
sistem	35494
fotoğraf	35370
kusur	35361
pardon	35234
umur	35137
umar	35124
keşke	35104
çıktı	34963
ışık	34825
cehennem	34709
ülke	34618
bit	34566
kurban	34525
dalga	34463
pislik	34434
kahve	34333
nefes	34194
verecek	34192
yavaş	34190
sonunda	34070
yanında	33990
yaşmak	33928
uyumak	33868
yıldız	33789
acımak	33582
kanmak	33399
bok	33364
adım	33328
alan	33274
cidden	33183
sonsuz	33140
kol	33111
oldukça	32996
gülmek	32920
tarafından	32844
yüzmek	32838
çek	32779
şarkı	32652
yeterli	32570
hediye	32292
muhteşem	32266
sikmek	32266
çıkar	32161
sessiz	32031
frank	31997
bölüm	31979
sıcak	31832
kapmak	31788
kural	31579
ufak	31536
bakı	31449
üstün	31431
anahtar	31418
doğu	31362
karanlık	31346
kala	31282
birçok	31155
güneş	31019
çağırmak	31004
basit	30979
açıklamak	30942
yüzünden	30900
gayet	30817
tarih	30804
tıpkı	30724
derece	30678
kısım	30644
park	30608
yumak	30530
vakit	30495
acı	30366
ortak	30293
hat	30281
ilginç	30013
hazırlamak	29990
balık	29970
bildik	29854
kelime	29834
düşün	29818
yaşam	29710
oymak	29688
çoğu	29679
otel	29655
dedektif	29645
işlemek	29624
saldırı	29520
defa	29490
kaza	29349
öğle	29139
bulunmak	29098
acil	29045
canlı	28943
sak	28942
yakı	28888
veri	28872
mahkeme	28820
fena	28787
kart	28714
uyuşturucu	28708
koy	28705
halk	28690
kaybolmak	28540
geçmiş	28429
yakmak	28421
sınıf	28363
binmek	28332
yük	28304
saklamak	28200
azı	28169
uyanmak	28161
ifade	28098
tehlike	28072
ala	28068
zavallı	28010
sik	27930
aşık	27745
amca	27647
kavga	27632
başkan	27586
arap	27260
neredeyse	27236
top	27228
kapatmak	27196
özlemek	27157
sürümek	27063
suçlu	27041
başarmak	26961
yeniden	26948
şef	26814
ileri	26797
tebrik	26797
mektup	26746
tercih	26730
yem	26602
dürüst	26568
elim	26548
bakınmak	26458
ekip	26394
dolay	26392
peş	26386
kocamak	26376
teslim	26230
vücut	26141
saç	26138
sürü	26066
gül	26020
konut	25998
karamak	25936
ordu	25913
şaka	25891
bina	25878
soğuk	25858
süreç	25850
karşılık	25776
koşmak	25740
test	25622
süper	25551
hanımefendi	25543
saçmalık	25530
program	25523
olası	25470
seçmek	25457
liste	25426
bomba	25377
sakınmak	25344
katmak	25341
masa	25332
eş	25250
yarın	25159
ihtimal	25127
toplantı	25127
önem	25108
kat	25096
davet	25086
temek	25086
kasaba	25036
kere	24978
ağır	24975
bağlantı	24968
gider	24828
kamera	24617
sert	24581
sever	24573
defolmak	24558
buymak	24520
şeytan	24477
sayı	24140
gurur	24065
eşya	24055
ikna	24049
verici	24046
yaz	23961
rüya	23932
has	23900
mal	23883
bin	23869
beyin	23798
ortay	23793
memnu	23788
memnun	23788
problem	23743
iğrenç	23722
çanta	23665
tedavi	23537
şak	23530
rapor	23512
çekilmek	23495
bulamak	23431
vere	23284
kap	23250
ağaç	23170
mesele	23157
hatta	23153
takmak	23103
destek	23096
kayıt	23080
değer	23057
kıç	23056
üniversite	23051
duvar	22980
müdür	22876
üçüncü	22758
sık	22742
tehdit	22656
toplamak	22554
banka	22537
kutu	22514
güven	22494
aferin	22483
salak	22478
siyah	22427
yazık	22416
dolmak	22384
yüksek	22377
hedef	22370
çift	22357
hav	22340
doğmak	22310
patlamak	22257
kısa	22158
kısmak	22158
risk	22121
sokmak	22116
giymek	22113
ar	22108
üzerine	22065
kanıt	22064
yön	22043
itiraf	22033
ilgilenmek	22028
örnek	22020
serbest	21883
birinci	21880
sahne	21844
dolar	21809
orospu	21761
gelin	21686
sıkmak	21670
işaret	21668
seçenek	21610
not	21567
zeki	21535
çıkma	21530
zengin	21464
ceza	21417
tren	21397
borç	21366
bira	21339
neyse	21329
yerinmek	21324
edinmek	21247
kenar	21176
hesap	21024
duygu	21009
uğramak	20937
boy	20912
saygı	20908
katılmak	20871
yaklaşık	20869
kurtulmak	20864
niçin	20733
peşin	20720
grup	20700
dua	20687
şükür	20653
zamanlamak	20632
düşman	20596
beğenmek	20591
kurmak	20531
şeker	20518
kuzey	20509
zevk	20503
güve	20454
sahi	20450
general	20448
ters	20412
his	20410
birileri	20282
kararmak	20213
deri	20204
gösteri	20203
sır	20184
gecelemek	20168
memur	20159
ilgilemek	20126
saçmak	20120
çeşit	20112
amaç	20110
sarhoş	20059
ker	20027
televizyon	19987
tarz	19965
kaptan	19940
kaymak	19897
edi	19870
kuş	19866
tak	19834
ise	19818
sahte	19782
yedi	19740
maç	19738
koku	19720
ahbap	19697
meşgul	19655
mavi	19642
canavar	19576
orman	19575
abi	19541
rica	19527
kişisel	19521
çay	19517
kulüp	19488
kızgın	19429
hani	19398
uç	19390
kilise	19287
takım	19282
randevu	19278
şarap	19207
elbise	19173
evlilik	19143
öğrenci	19066
araç	18994
gibisi	18982
sorumlu	18961
yüzbaşı	18937
kutsal	18925
bilgisayar	18917
ray	18896
açı	18877
dosya	18862
hiçbiri	18833
sürpriz	18805
benimki	18772
bayağı	18766
büyümek	18747
türlü	18711
gerekli	18709
kaçırmak	18639
yemin	18627
özgür	18571
hizmet	18554
epey	18497
bölü	18470
diş	18418
peder	18392
yerinde	18380
seyir	18360
iptal	18347
avukat	18340
gezegen	18335
devlet	18316
gönder	18291
özellik	18290
mark	18256
çiçek	18234
güney	18198
kimlik	18179
buyurmak	18177
evli	18149
dahil	18120
yetenek	18083
kırmak	18073
durdurmak	17906
majeste	17851
daire	17828
şimdilik	17751
ekmek	17742
kedi	17740
bacak	17618
ağlamak	17603
yaklaşmak	17510
erke	17479
erken	17479
şirket	17474
yerine	17443
hapis	17403
ödül	17344
ana	17343
ayakkabı	17334
sol	17326
hale	17253
piç	17182
kahraman	17170
kurt	17166
cesaret	17152
kahrolası	17150
laf	17100
doğal	17089
tutamak	17008
değerli	16996
rol	16996
ziyaret	16893
etki	16886
hastalık	16803
herk	16800
albay	16775
sağlam	16756
doğum	16743
yargıç	16589
dolamak	16587
gidi	16565
deniz	16545
başlangıç	16509
renk	16486
pis	16338
sağlık	16330
uzay	16326
kraliçe	16302
hariç	16274
üye	16256
saye	16252
aşkın	16212
salon	16202
öğretmek	16140
girdi	16136
şark	16130
nazik	16119
makine	16107
günlük	16051
yüce	16043
bıçak	16036
inanılmaz	16018
öte	16013
müthiş	16007
yabancı	15985
korku	15946
metre	15905
eğlence	15892
tuzak	15887
profesör	15878
dil	15874
fırsat	15696
kel	15676
daima	15644
yağmur	15546
enerji	15520
buluşmak	15517
şaşırmak	15510
idare	15453
masum	15431
aksi	15428
teğmen	15395
eğitim	15356
adres	15354
çılgın	15319
uymak	15293
buz	15272
zayıf	15257
tatil	15255
kaynak	15236
görüntü	15214
toprak	15180
anlaşma	15156
birazcık	15123
gaz	15103
lise	15057
gidermek	15030
şerif	15014
adil	14914
resmen	14885
çimek	14881
yakında	14869
mil	14830
sene	14809
sevinmek	14774
otobüs	14748
kokmak	14746
yollamak	14745
hanım	14742
sıkıcı	14723
hayalet	14720
sınır	14707
hız	14694
görünüş	14684
sevi	14654
intihar	14615
meydan	14603
çavuş	14590
yiyecek	14516
bahçe	14513
sırf	14511
dert	14496
takı	14493
bayılmak	14438
çöp	14433
halletmek	14374
bar	14362
kaldırmak	14362
yakışıklı	14358
uyku	14329
tavsiye	14321
delik	14281
od	14275
özellikle	14262
martin	14258
cinsel	14252
tanık	14248
dağ	14219
birden	14184
sevgi	14177
yorgun	14164
gözükmek	14150
suçlamak	14148
adına	14122
nehir	14121
gazete	14120
taş	14054
minnettar	14053
servis	14018
sakınca	14005
huzur	13986
yakınmak	13946
inan	13930
engel	13909
umut	13904
genel	13884
mutfak	13868
söylem	13863
hapishane	13831
başkası	13823
spor	13757
ayrı	13746
banyo	13708
cep	13693
büyükanne	13690
kıyafet	13655
sanat	13592
intikam	13506
derken	13497
kurşun	13480
kanun	13461
cam	13453
baskı	13440
uçmak	13432
binlerce	13428
kayıp	13404
takdir	13347
eskiden	13240
kamp	13213
ardından	13182
üs	13178
dönme	13174
alaka	13165
tamir	13158
prenses	13154
köşe	13152
şeref	13148
sırt	13135
müşteri	13130
kırmız	13124
kırmızı	13124
etmen	13118
dünyada	13106
birer	13051
bol	13048
saçma	13022
komuta	12980
asmak	12962
hikâye	12962
atlamak	12938
dayanmak	12926
kader	12889
akmak	12875
ameliyat	12867
taşımak	12847
tecavüz	12837
susmak	12754
tavuk	12746
ayarlamak	12744
burun	12741
cadı	12740
çal	12720
köprü	12712
müsaade	12705
maalesef	12694
atamak	12679
iddia	12670
tanıdık	12606
pazar	12595
üzmek	12593
elektrik	12580
solmak	12580
surat	12568
yüzük	12524
çıplak	12513
alınmak	12509
mücadele	12508
kör	12496
melek	12487
cesur	12436
köy	12406
bunca	12401
say	12368
anlaşılan	12358
ihanet	12350
teknik	12322
sinir	12305
yasal	12301
çıkacak	12300
yapılanmak	12286
kılıç	12263
günlemek	12255
han	12253
motor	12252
günde	12236
dav	12230
kahvaltı	12204
tomak	12182
dokunmak	12181
ün	12159
lider	12147
cuma	12113
şüphe	12088
yıllık	12079
ulamak	12072
anı	12050
deme	12041
açıkçası	12033
filan	12017
sımak	12001
miktar	11972
taşmak	11970
taksi	11960
cadde	11943
nihayet	11940
onca	11913
sekiz	11903
tepe	11880
pencere	11877
ellemek	11870
rom	11860
tem	11853
alışveriş	11799
seçim	11778
araştırmak	11767
sigara	11758
sarmak	11752
hafif	11744
si	11733
kriz	11706
yapı	11650
ulaşmak	11646
kıpırdamak	11623
tip	11600
binbaşı	11591
rahip	11556
zorlamak	11550
parlak	11479
yavru	11472
karışık	11466
sorumluluk	11458
çirkin	11422
kemik	11408
kilo	11392
yat	11392
temiz	11375
elde	11362
sosyal	11340
bedel	11336
dönem	11315
kredi	11272
sırat	11266
ani	11238
üstelik	11225
sıkı	11219
basmak	11189
ark	11186
halt	11144
süt	11138
av	11126
isteri	11116
madam	11098
serseri	11098
acayip	11094
tekne	11079
öğretmen	11076
çevirmek	11049
kuzen	11041
tespit	11038
karımak	11032
sevimli	11024
döner	11021
avcı	10990
prens	10983
saçmalamak	10981
inşa	10971
kamyon	10933
cumartesi	10932
mutlaka	10911
adamak	10874
beden	10866
onur	10843
düşünce	10828
dev	10770
asılmak	10763
düşük	10743
satı	10742
kazan	10721
gerçi	10695
başta	10681
bili	10672
yerel	10656
sek	10654
ok	10653
tan	10652
video	10641
dokumak	10625
beyefendi	10622
uzman	10577
ortalık	10530
etkilemek	10515
yıllamak	10512
oğlan	10505
alay	10488
futbol	10483
yetişkin	10468
üstüne	10467
biçim	10450
kale	10447
yapay	10447
kare	10445
silahlamak	10442
bardak	10429
pişman	10428
bakan	10414
bağlamak	10396
elemek	10388
utanç	10359
alarm	10351
sipariş	10335
çözmek	10241
harcamak	10239
hap	10198
pes	10189
endişe	10188
yaratık	10184
öpmek	10171
ayırmak	10123
sigar	10074
komiser	10073
edip	10050
aşır	10044
aşırı	10044
üzülmek	10035
önceden	10034
yirmi	10032
heyecan	10021
oyuncak	10019
bağ	10015
imdat	10011
tur	9994
kaçamak	9949
operasyon	9946
sürtük	9941
göğüs	9931
üste	9910
çizgi	9906
yolunmak	9905
kay	9895
kımıldamak	9886
genellikle	9874
yara	9861
tutuklamak	9842
koltuk	9806
hamil	9800
hamile	9800
işkence	9784
şok	9766
ot	9754
profesyonel	9748
tuvalet	9735
kuvvet	9711
ödünç	9696
birazdan	9689
sezon	9681
romantik	9670
cennet	9669
adalet	9665
malzeme	9663
gücün	9646
bas	9627
seksi	9626
önermek	9608
eksik	9585
bari	9573
veda	9572
mısır	9539
mahvetmek	9532
seçi	9531
sahil	9518
özgürlük	9504
yarar	9501
büyü	9499
iletmek	9484
içim	9484
saf	9482
teyze	9482
çare	9447
uyarmak	9438
büyükbaba	9435
olağanüstü	9427
fayda	9420
bedava	9396
donmak	9373
planlamak	9368
seyahat	9357
böcek	9350
temas	9347
gecikmek	9330
uğraşmak	9306
tıp	9304
yalvarmak	9288
ge	9268
geniş	9247
belge	9240
saray	9218
başarı	9210
bilim	9204
ihtiyar	9198
araban	9190
seviye	9189
hasar	9173
boyun	9167
sarı	9158
temel	9154
kesi	9153
kesin	9153
kesinmek	9153
zenci	9141
mesel	9112
domuz	9111
federal	9101
kilometre	9062
göl	9040
şiddet	9039
hemşire	9035
adi	9020
kor	9017
sıradan	9014
misafir	8990
bozuk	8986
sigorta	8980
ermek	8978
hakim	8974
çekiç	8960
geçici	8958
korkutmak	8942
karmaşık	8940
kutlamak	8927
dayamak	8926
bıkmak	8922
bozmak	8911
kur	8897
sadık	8887
restoran	8867
ti	8860
fare	8845
hükümet	8845
alın	8843
kaz	8840
uzaklaşmak	8840
geçerli	8833
açlık	8826
alet	8825
cihaz	8797
savunmak	8782
kod	8778
komutan	8712
kanı	8656
garanti	8647
buyuru	8642
model	8639
hayran	8633
kapalı	8628
zafer	8623
görmez	8622
deney	8606
hassas	8568
öpücük	8567
çevre	8543
vampir	8529
yaratmak	8522
istasyon	8488
kişilik	8486
dok	8458
yumruk	8451
genelde	8448
yumuşak	8435
ilerlemek	8427
nakit	8420
akşamlamak	8402
düzgü	8384
düzgün	8384
taze	8379
yarışmak	8370
manyak	8362
hücre	8360
kazmak	8353
kaltak	8340
dip	8316
çamaşır	8313
temsil	8301
düğü	8278
düğün	8278
im	8274
şan	8268
kira	8266
batı	8261
kopya	8247
yönetim	8238
sıkıntı	8211
şirin	8209
kanser	8208
okyanus	8204
pizza	8181
şapka	8179
tahliye	8149
buçuk	8137
hırsız	8119
tanış	8097
ince	8089
ufaklık	8088
gökyüzü	8087
kanamak	8087
ölümcül	8087
kalabalık	8085
civar	8045
çiftlik	8043
çarpmak	8040
birleşik	8037
kanıtlamak	8036
görüşme	8032
kilit	8030
pazartesi	8007
yüzlerce	8003
duş	7992
diğeri	7986
artmak	7981
açıklama	7950
sandalye	7920
radyo	7906
ağabey	7905
ipucu	7901
benzer	7900
havuz	7893
öbür	7882
dolap	7880
gem	7871
milyonlarca	7868
kaçak	7845
çete	7829
talep	7824
delil	7822
maymun	7812
moda	7796
pas	7782
günah	7778
savaşçı	7774
şart	7773
boşamak	7772
istek	7756
depo	7750
sinema	7733
delirmek	7727
barış	7724
bizzat	7705
bilet	7696
kırık	7687
sinyal	7682
sayesinde	7668
göt	7652
nükleer	7635
diz	7630
karın	7617
zamanında	7616
net	7611
tarif	7610
sırasında	7604
araştırma	7591
kibar	7551
trafik	7547
şua	7537
peynir	7536
yeşil	7530
eyalet	7526
çağrı	7520
kadeh	7515
şov	7512
derin	7494
varlık	7485
elinden	7482
sohbet	7468
emekli	7467
yasak	7458
iletişim	7446
kariyer	7446
demet	7416
mucize	7416
düğmek	7411
mesafe	7396
temizlemek	7391
jüri	7386
ağrımak	7379
koru	7375
panik	7375
dördüncü	7343
çatı	7332
sümek	7322
yazı	7319
çekici	7318
meyve	7317
virüs	7317
müfettiş	7312
cüret	7304
toplu	7303
eğlenmek	7296
havaalanı	7295
susamak	7263
minik	7261
yazar	7260
madde	7257
cenaze	7243
demir	7240
usta	7234
kuru	7227
sal	7209
takılmak	7202
adli	7199
patates	7155
viski	7151
pahalı	7148
mezar	7143
şifre	7130
gözlemek	7126
denet	7120
korkak	7118
aday	7097
yılan	7089
saha	7088
ucuz	7084
alkol	7082
bilinen	7076
düşünür	7076
ali	7074
benzin	7074
geleni	7069
gerçeklemek	7068
paket	7064
bat	7057
yaralamak	7056
sınav	7045
dönüşmek	7020
doğrusu	6996
katı	6991
ısrar	6987
sunmak	6981
zehir	6969
getiri	6968
lor	6951
ayı	6949
abd	6945
vazgeçmek	6925
kış	6895
senatör	6895
ertesi	6871
itiraz	6856
savunma	6848
yöntem	6842
hatır	6827
geçit	6824
hoca	6820
basınç	6815
soygun	6812
düzelmek	6803
devre	6800
aziz	6792
tim	6777
şampiyon	6766
karşılamak	6743
yangı	6724
yangın	6724
pay	6722
şişman	6720
golf	6703
roman	6703
fazlasıyla	6693
bağırmak	6684
hit	6681
gözde	6675
terörist	6673
topu	6668
sayın	6665
dokuz	6664
çöz	6658
proje	6651
olasılık	6631
merdiven	6614
şişe	6607
kara	6594
sabit	6594
hukuk	6588
öz	6580
çığlık	6572
bizlemek	6570
giriş	6557
tesadüf	6539
tatmin	6538
harita	6532
kocaman	6526
çikolata	6519
gümüş	6506
teknoloji	6505
sandviç	6501
affetmek	6500
modern	6497
metal	6484
mevcut	6483
rezil	6476
ömür	6475
yasa	6460
gündüz	6453
şişko	6430
ip	6410
acımasız	6409
bağışlamak	6408
mide	6402
giysi	6401
kurul	6389
mecbur	6388
aylık	6387
kayıtmak	6370
çorba	6365
hile	6360
ten	6355
saldırmak	6352
karışmak	6350
çeki	6328
öncelik	6322
koridor	6319
yaramaz	6299
kumar	6280
sıfır	6263
mermi	6254
mezun	6239
şimdiden	6232
istifa	6219
abla	6206
pembe	6176
pantolon	6168
gebermek	6163
yedek	6161
milyar	6138
imza	6136
düzeltmek	6103
ambulans	6065
barışmak	6058
ağrı	6053
fahişe	6052
ödem	6045
eleman	6041
çökmek	6030
düzenli	6029
baştan	6028
detay	6023
savcı	6008
kasa	6007
defter	5999
dolaşmak	5970
tartışmak	5964
feda	5945
kek	5942
şampanya	5941
kanat	5933
söylenmek	5930
vali	5923
balo	5897
perşembe	5896
hain	5880
dövmek	5879
kır	5872
sabırsızlanmak	5865
vergi	5864
uluslararası	5844
bağış	5842
uyum	5818
amin	5815
ürün	5805
it	5804
itmek	5804
haberdar	5790
kasap	5786
âşık	5784
pilot	5780
yarım	5766
sara	5765
bitki	5762
boktan	5762
yumurta	5760
merhamet	5758
darbe	5755
zahmet	5754
nedeniyle	5752
dönenmek	5749
müdahale	5742
öteki	5733
bayram	5728
direk	5725
doğa	5722
koç	5712
uzamak	5710
don	5705
direkt	5703
tavşan	5700
taklit	5699
kraliyet	5695
yazılı	5692
şiir	5689
birim	5681
yağmak	5681
esas	5656
tekme	5651
uyarı	5643
nişan	5641
taramak	5640
gömlek	5639
pat	5639
tutuklu	5635
yönetmek	5622
popüler	5612
robot	5604
dinlenmek	5602
kanka	5599
çıkartmak	5577
teşhis	5575
kalın	5574
kalınmak	5574
yetkili	5564
yüzyıl	5563
değişik	5561
tetik	5559
uslu	5557
cüzdan	5540
karakter	5539
evre	5533
evren	5533
inek	5530
dikmek	5521
alev	5520
kut	5506
aniden	5500
yetki	5500
mola	5497
kovmak	5496
sapık	5469
ser	5465
alçak	5463
genelmek	5437
icap	5421
indirmek	5417
yıllarca	5414
yormak	5407
ilham	5403
şerefe	5398
komşu	5392
salmak	5384
çabucak	5372
puan	5363
sıkışmak	5363
ibaret	5362
gergi	5359
gergin	5359
sakinlemek	5356
je	5347
kanal	5347
rahatlamak	5339
şükran	5339
boşluk	5335
bodrum	5332
nadir	5330
örümcek	5326
meclis	5324
dem	5320
gürültü	5311
seslemek	5287
er	5278
tören	5272
maruz	5270
yoğ	5268
yoğun	5268
beşinci	5266
tatmak	5255
gelişmek	5247
asansör	5245
evvel	5231
eşit	5227
köle	5220
analiz	5217
işlem	5202
sesli	5200
fırtına	5198
istihbarat	5197
amir	5173
sivil	5173
çıkarma	5163
ley	5156
meşhur	5155
yanıt	5155
tepki	5150
tepkimek	5150
büro	5148
mösyö	5137
sinirli	5135
mart	5129
tüfek	5123
uyanık	5122
herhâlde	5107
kokain	5107
petrol	5106
koçmak	5094
şahane	5089
çıkış	5088
derlemek	5087
delikanlı	5084
şoför	5084
öylesi	5078
şüphesiz	5076
zorla	5071
vaka	5069
öfke	5069
muazzam	5068
aktif	5065
dedikodu	5062
politik	5059
müsait	5053
barbar	5045
deneme	5040
sayfa	5030
porno	5010
vurulmak	5010
incelemek	5008
pahal	5008
muhafız	5000
fabrika	4994
bakım	4992
evrak	4991
kum	4990
bilimsel	4989
maya	4984
olumlu	4983
öncelikle	4964
us	4962
keres	4952
kapak	4948
kemer	4948
soruşturmak	4947
gülümsemek	4946
zar	4946
işbirliği	4945
mars	4942
elma	4925
pazarlık	4917
teori	4912
girişmek	4911
çekme	4911
kaba	4900
pasta	4900
bakanlık	4896
art	4888
tamamlamak	4887
oksijen	4886
görgü	4867
terfi	4838
içecek	4836
devasa	4835
plastik	4835
kütüphane	4831
sos	4831
dövüşmek	4820
kent	4818
götürü	4814
fahiş	4808
duman	4806
sıcaklık	4800
şahsen	4799
eylül	4794
rüşvet	4789
subay	4778
garson	4775
ayakta	4774
aykırı	4773
geçer	4772
emniyet	4760
bahane	4757
tutu	4754
tutunmak	4754
kutlu	4750
ek	4740
kalıp	4734
açma	4726
eser	4726
garaj	4725
fakir	4714
iri	4712
kendinden	4707
nü	4701
mutsuz	4700
ekstra	4699
matematik	4696
masaj	4693
çarşamba	4686
taciz	4661
denk	4658
gölge	4656
rehin	4643
çaba	4640
hakaret	4637
kızıl	4611
idam	4603
yanılmak	4602
engellemek	4601
çözüm	4591
defalarca	4589
harbi	4577
papa	4563
belirsiz	4558
aracı	4552
deyi	4551
kas	4549
adet	4548
bahar	4547
geceleri	4544
gezi	4544
senaryo	4544
olumsuz	4542
asistan	4533
kahverengi	4531
mason	4530
konser	4527
maden	4527
elli	4521
çocukluk	4520
yuva	4519
genetik	4514
yumurmak	4514
devir	4508
teker	4506
ticaret	4500
telsiz	4499
işçi	4494
düşürmek	4492
paylaşmak	4492
çöl	4492
duyar	4489
bencil	4481
doğrudan	4480
satıcı	4480
sorgu	4471
ihbar	4469
ispanya	4466
re	4463
göreli	4462
kurabiye	4461
sör	4459
bağımlı	4442
azıcık	4441
şahit	4421
kötülük	4419
düzey	4410
otomatik	4408
arzu	4402
kurumak	4400
hırs	4399
silmek	4394
yapınmak	4393
eşmek	4392
yağ	4392
düzine	4388
atışmak	4386
yorum	4380
kimyasal	4378
oluşmak	4376
yarış	4376
zil	4372
saklanmak	4366
makul	4362
kalıç	4360
cebin	4341
sağır	4330
çatlak	4328
belirli	4326
iblis	4322
espri	4318
eşek	4315
samimi	4311
bel	4303
mega	4298
keyif	4297
gen	4296
travma	4293
icat	4285
ödev	4281
dayak	4279
dergi	4272
fıstık	4257
ima	4252
kana	4252
çekecek	4252
maske	4251
razı	4243
beledi	4230
belediye	4230
toplam	4228
piyano	4225
yolcu	4222
toz	4220
muhtemel	4216
koyu	4208
belirti	4204
hitap	4200
büyücü	4198
sade	4185
orijinal	4183
bizimki	4179
tamamıyla	4178
sandık	4165
avuç	4162
eğlemek	4158
bekar	4151
blok	4150
bahis	4149
salata	4145
tutacak	4144
konsantre	4138
mahalle	4136
yoldaş	4136
stres	4135
çala	4126
çelik	4126
papaz	4123
flört	4113
jersey	4108
testi	4104
personel	4099
mahsur	4087
röportaj	4082
pratik	4072
paha	4067
dolayısıyla	4064
seri	4064
davranış	4062
kostüm	4055
boğaz	4053
şantaj	4053
delice	4047
transfer	4038
töre	4038
yay	4032
april	4030
sahiden	4020
konsey	4019
muamele	4007
doktora	4004
yakıt	4001
ağırlık	3999
karşılaşmak	3999
birdenbire	3998
muayene	3994
biyolojik	3985
iğne	3985
gri	3977
alfa	3975
leke	3972
tel	3971
yaymak	3967
ağ	3966
sihir	3965
iade	3964
sent	3964
hüküm	3963
sıvı	3963
beyzbol	3961
şık	3959
asil	3956
dayı	3956
casus	3947
bağımsız	3942
temmuz	3938
toplum	3931
efsane	3930
bayrak	3920
elmas	3917
psikolojik	3916
star	3912
çıldırmak	3911
fiyat	3910
kule	3906
taşınmak	3903
kaçık	3896
çıkı	3891
çıkın	3891
bisiklet	3874
fincan	3872
yepyeni	3866
dul	3863
standart	3862
bal	3861
ons	3859
acilen	3855
ezik	3855
yükselmek	3854
satış	3849
umursamak	3848
kovboy	3847
hızla	3840
pozisyon	3835
tokyo	3834
dede	3833
maaş	3832
birader	3831
takas	3828
mas	3822
çalma	3812
af	3807
içermek	3807
çıkışmak	3802
dik	3794
doldurmak	3792
solucan	3791
açılamak	3786
söylenti	3784
yeğen	3782
vaftiz	3781
hatun	3778
prova	3778
bilinmeyen	3775
utanmak	3767
sürücü	3765
bakış	3758
arazi	3756
konuk	3753
yenmek	3752
bildirmek	3738
sekreter	3733
salim	3728
yerli	3727
uğru	3726
uğrun	3726
keski	3724
keskin	3724
organize	3724
dizi	3714
kont	3713
kamu	3704
yanlışlıkla	3700
yasmak	3699
inşaat	3692
kok	3688
hayvanat	3684
saldırgan	3684
uçuşmak	3683
helikopter	3681
çeker	3680
makyaj	3678
çeşitli	3669
dondurma	3668
torba	3662
gene	3658
boşanmak	3656
devriye	3648
biftek	3647
rahibe	3644
dişi	3642
seyirci	3639
çalıntı	3634
pirinç	3620
post	3597
başbakan	3595
keşif	3587
dönel	3584
laboratuvar	3583
hayli	3579
mayıs	3571
açınmak	3568
hizmetçi	3561
fazladan	3558
batmak	3556
tiyatro	3556
gey	3552
kül	3552
altıncı	3538
amiral	3537
komplo	3537
düze	3532
düzen	3532
kapanmak	3530
tahta	3526
odaklamak	3524
but	3523
imha	3513
antik	3512
haziran	3511
dehşet	3503
ejderha	3494
cin	3490
soyadı	3490
elektronik	3487
basketbol	3480
gülünç	3480
bölmek	3478
anlık	3475
servet	3475
nöbet	3469
emanet	3463
dövüş	3462
parçalamak	3462
maki	3460
fırt	3458
cömert	3451
sorgulamak	3446
organ	3431
budala	3429
koşu	3427
küçücük	3423
ayna	3422
lastik	3422
kongre	3414
müvekkil	3413
ıslak	3410
bozulmak	3405
gittikçe	3400
görüş	3398
lüks	3392
yazma	3388
tıraş	3382
favori	3379
ucube	3379
saklı	3377
amber	3372
tüp	3372
kolye	3371
layık	3359
ibne	3354
düz	3344
düzmek	3344
değersiz	3334
teşvik	3334
albüm	3333
öğlen	3333
hamle	3328
ocak	3327
tahrik	3315
değişim	3313
lezbiyen	3308
tartmak	3306
poker	3304
pamuk	3299
kıyı	3296
manzara	3285
pound	3284
kuyruk	3283
takdim	3281
eroin	3278
kanepe	3274
tuz	3273
bulut	3267
aksine	3266
tenis	3266
bakıcı	3262
dağılmak	3259
negatif	3257
kalem	3256
fırlamak	3252
tereddüt	3251
keçi	3249
yas	3249
felç	3248
zombi	3245
meme	3244
salı	3244
farz	3243
otopsi	3243
komite	3240
ümit	3240
havlu	3236
hazırlık	3232
kesik	3229
miras	3226
aralık	3225
şiş	3224
şişmek	3224
kritik	3216
fatura	3215
e-posta	3213
tozmak	3210
fener	3207
bula	3206
bilinç	3192
gözlük	3192
heykel	3192
sefil	3191
ağustos	3189
onay	3186
yapım	3186
gecelik	3183
açar	3182
halka	3180
ücret	3180
keser	3178
geyik	3177
tapınak	3175
esrar	3173
feci	3172
karınmak	3172
pozitif	3171
aleyh	3169
portakal	3161
kazara	3159
yetersiz	3159
kurbağa	3155
afiyet	3154
paramparça	3154
harf	3134
incitmek	3134
macera	3129
üvey	3124
üveymek	3124
çap	3120
barda	3114
etkimek	3112
mira	3112
sorum	3110
yeraltı	3109
vaktinde	3107
çörek	3100
topluluk	3097
ördek	3095
çekim	3091
zalim	3088
rastgele	3084
vefat	3083
zincir	3079
bugünlük	3078
akraba	3072
memnuniyet	3072
oran	3072
ortam	3072
vatandaş	3072
koyacak	3066
per	3060
uzaktan	3060
isabet	3055
çoğun	3047
radyasyon	3040
imparator	3036
itaat	3036
çamur	3036
ata	3034
ramak	3033
yayın	3028
psikopat	3027
aşama	3026
seyretmek	3024
ceket	3017
ari	3010
cumhuriyet	3010
ölümüne	3010
bez	3007
mezuniyet	3006
tükenmek	3002
gol	2999
bolca	2990
boşuna	2988
esna	2988
kaset	2987
çıkmaz	2984
işgal	2983
anca	2980
trajik	2979
hayret	2971
medya	2970
şahsi	2966
mor	2962
potansiyel	2962
teselli	2961
müze	2959
göze	2953
gözemek	2953
bilerek	2948
palyaço	2945
dilek	2943
tembel	2943
zarif	2932
mum	2928
öd	2926
ikram	2925
saatlerce	2925
güvenilir	2924
fil	2916
tipik	2913
diri	2912
dizmek	2912
votka	2904
aktör	2897
kuşlar	2896
sabaha	2895
kalkan	2891
gözetim	2890
krem	2886
karış	2883
delmek	2878
inatçı	2878
kullanım	2878
yuna	2867
nabız	2866
böylelikle	2864
çaylak	2859
yarbay	2854
kürek	2848
tecrübe	2848
masraf	2847
boks	2845
tar	2840
iken	2837
ekonomik	2836
yatır	2834
yatırım	2834
beter	2827
vadi	2827
reddetmek	2825
eğilmek	2824
imzalamak	2818
fizik	2817
becermek	2815
koma	2808
hakikaten	2807
yaver	2804
gitar	2803
kasmak	2802
kucak	2801
çeyrek	2798
papel	2792
form	2791
keşfetmek	2791
artı	2790
turta	2790
muz	2782
rekabet	2777
egzersiz	2772
gözlem	2772
sabıka	2771
nihayetinde	2759
hamburger	2758
olağan	2757
satranç	2754
burmak	2752
bası	2750
basın	2750
zannetmek	2742
tutar	2740
evcil	2739
metro	2735
cüce	2733
mühim	2730
mantar	2729
mücevher	2729
başlık	2724
komünist	2724
kılık	2723
plak	2720
gizlemek	2716
otuz	2716
ufacık	2712
süslü	2708
sevişmek	2705
mesai	2704
boğmak	2703
kapan	2698
terör	2695
bahşiş	2693
dâhil	2692
ötmek	2688
servi	2685
uzatmak	2682
sanal	2681
piyasa	2679
sörf	2676
ziyade	2673
giderek	2670
nakil	2669
istem	2668
tesis	2668
öneri	2668
mafya	2666
acıkmak	2664
bakışmak	2658
dar	2657
dana	2652
matmazel	2650
yedinci	2650
yılbaşı	2649
sarışın	2647
roket	2645
rüzgâr	2645
gizem	2632
hâkim	2632
gök	2630
yönetmen	2624
erik	2622
ortalıkta	2618
tabanca	2616
küresel	2613
arkadan	2610
füze	2607
teyit	2602
sakat	2599
yoluyla	2597
herzaman	2596
kargo	2594
sıçan	2594
temin	2593
yurt	2593
antrenman	2587
sosis	2587
rezalet	2585
dalmak	2581
özgü	2579
terapi	2575
tabak	2563
açacak	2562
sim	2560
tahammül	2556
meslek	2555
ab	2552
doz	2551
küfür	2544
kıyamet	2544
diken	2543
kıskanmak	2541
saygıdeğer	2540
taktik	2538
yüzüstü	2538
akademi	2535
dolusu	2528
bulanmak	2527
nefis	2526
gezmek	2519
mağara	2518
beysbol	2517
çorap	2515
doğan	2514
boşalmak	2507
rakip	2503
santim	2501
alerji	2496
ton	2496
yemiş	2496
departman	2495
yığın	2492
kâğıt	2488
isyan	2487
cerrahi	2485
cerrah	2480
görsel	2476
teslimat	2476
penis	2466
anlayış	2462
deyiş	2462
alternatif	2455
manyetik	2452
velet	2451
finansal	2450
sonradan	2447
kristal	2444
ahlaki	2441
enfeksiyon	2439
ifşa	2439
onbaşı	2434
tünel	2434
şapşal	2433
azalmak	2431
öylesine	2428
muhabbet	2427
aşçı	2423
kendiliğinden	2422
çakmak	2422
örtbas	2422
ilaçlamak	2417
dövme	2416
atom	2413
asit	2411
organik	2401
şubat	2400
soylu	2399
malum	2396
çoğunluk	2395
çoğunlukla	2395
mahkûm	2394
makale	2393
şarj	2390
konferans	2389
iltifat	2388
yedmek	2386
tokat	2383
kaplamak	2380
kaplan	2380
ahlak	2378
perişan	2378
sis	2377
sebze	2375
kasten	2374
yıldırım	2373
final	2372
gram	2372
sinek	2372
bambaşka	2371
ziyaretçi	2370
yuvarlak	2366
aşmak	2361
kampanya	2354
biber	2352
kokteyl	2349
delta	2348
enteresan	2348
gardiyan	2346
komedi	2346
görü	2343
çiftçi	2341
eyvah	2340
kola	2340
uydu	2338
filo	2333
amigo	2332
kablo	2332
tutku	2330
aralamak	2324
kargaşa	2324
inanç	2323
kast	2322
fasulye	2321
madalya	2320
kit	2319
nasılsa	2319
daim	2312
soluk	2312
sığır	2312
kaçışmak	2310
yanık	2307
soymak	2306
köpeklemek	2304
düzenlemek	2301
jet	2301
taht	2301
böylesine	2296
bariz	2292
makarna	2289
ihmal	2288
lazer	2285
efsanevi	2284
şövalye	2284
soda	2283
politika	2280
gerzek	2278
nadiren	2278
çiçeklemek	2273
kâr	2272
pos	2271
posta	2271
kurmay	2270
önünden	2266
ayın	2265
blöf	2264
data	2258
dayanıklı	2258
giyinmek	2257
desen	2255
hokey	2255
kıskanç	2255
aracılığıyla	2252
zorunlu	2250
nine	2249
büyükelçi	2248
durmadan	2247
sıkılmak	2244
iris	2242
tüy	2242
eldiven	2241
gözetlemek	2237
kelebek	2237
düzemek	2235
tilki	2234
kaplumbağa	2232
çekinmek	2229
utangaç	2227
mazeret	2225
kömür	2224
kültür	2221
suikast	2221
gözyaşı	2219
haydut	2219
kaos	2218
telgraf	2218
ejder	2214
sinsi	2214
balina	2212
gıda	2209
kin	2202
battaniye	2201
göbek	2198
geçişmek	2190
harap	2190
dijital	2186
dilim	2186
kaçınmak	2181
hücum	2175
pasifik	2174
ebeveyn	2173
leziz	2165
muhabir	2165
dağınık	2164
protesto	2163
kupa	2161
striptiz	2158
üzüm	2156
kazık	2155
atılgan	2154
masat	2154
tablo	2152
düğme	2150
bara	2149
kızarmak	2149
limon	2148
vaat	2147
tipi	2145
cümle	2142
disiplin	2138
duyarlı	2128
dahası	2126
indirim	2126
amatör	2125
alışık	2123
kravat	2123
eziyet	2122
klinik	2120
kurnaz	2120
kayak	2119
bilge	2118
gömülü	2118
önlemek	2117
vaz	2116
kutup	2110
emlak	2109
vicdan	2103
yüzey	2101
aslan	2098
karakol	2098
performans	2098
denli	2093
tişört	2091
çapraz	2090
leş	2088
taç	2088
çat	2088
satılık	2085
sadakat	2084
şafak	2081
zihin	2080
sığınak	2079
kısmen	2078
belirgin	2075
kandırmak	2074
köstebek	2074
kafatası	2073
neşe	2069
geçinmek	2067
azgın	2065
beceriksiz	2064
kukla	2064
argo	2063
haç	2062
kuma	2062
kumanda	2062
moral	2060
domates	2059
sperm	2059
alkış	2058
alışmak	2054
grip	2051
mantık	2051
alıntı	2049
koyun	2048
antika	2046
dramatik	2046
sallamak	2045
kimya	2044
pop	2044
bilgin	2043
danışmak	2043
danışman	2043
üretim	2043
sudan	2040
pişmek	2038
yıldızlamak	2036
sterlin	2034
damar	2032
oral	2031
sıska	2026
enjekte	2025
kulübe	2024
apaçık	2023
kalkınmak	2023
çürük	2020
barmen	2019
sebebiyle	2019
yelken	2017
muhtaç	2013
tümör	2013
ayni	2011
ini	2010
sapa	2010
sapan	2010
fidye	2007
tost	2007
poz	2006
litre	2002
sirk	2000
mahrum	1999
tanıt	1998
anında	1997
sulu	1997
trajedi	1997
yoga	1996
gözaltı	1995
küstah	1992
hayallemek	1991
koyar	1990
hazin	1989
hazine	1989
hafız	1988
hafıza	1988
içten	1988
onlarca	1987
sivri	1987
ederlemek	1985
ayrıntı	1978
liman	1978
deprem	1977
mastürbasyon	1977
ispat	1976
puşt	1976
davetsiz	1974
yengeç	1973
kısacası	1972
tamamiyle	1972
samuray	1971
eklemek	1966
katlanmak	1966
car	1955
carlamak	1955
moruk	1955
sabır	1955
ayar	1954
böbrek	1954
parfüm	1951
dimi	1949
acıklı	1948
düşüncel	1948
sendrom	1947
paça	1946
damat	1945
marş	1945
ısı	1945
infaz	1942
karides	1939
vuruşmak	1939
şikâyet	1939
inkâr	1938
çifte	1938
dindar	1936
göçmek	1934
diyet	1932
kardinal	1931
sin	1925
halı	1923
paranoyak	1922
suçsuz	1922
tesadüfen	1919
gösterge	1916
kırk	1916
kırkmak	1916
masal	1912
lake	1903
yakından	1901
ebet	1897
esir	1896
esirmek	1896
aka	1895
mevzu	1895
nesil	1892
anormal	1891
nam	1890
alkolik	1888
dümdüz	1888
palavra	1888
mutlak	1886
taşak	1884
güya	1881
eşinmek	1880
ideal	1878
karaciğer	1878
kamyonet	1876
nakliye	1875
beklenmedik	1874
dönüm	1874
aylarca	1873
sanık	1873
ilkel	1871
inci	1867
çetin	1867
başlı	1865
şaşmak	1861
şimşek	1858
peri	1857
cahil	1855
ekonomi	1852
pasaport	1849
rakam	1848
oylamak	1845
çiğ	1845
üniforma	1845
kaşık	1844
nezaket	1841
gerilim	1840
mail	1840
soğan	1840
ıssız	1840
ikiz	1838
kürtaj	1837
tank	1834
başvuru	1833
ressam	1833
sabun	1829
asi	1828
sermek	1825
ödlek	1824
rutin	1821
set	1821
kura	1820
barı	1816
memnuniyetle	1816
uygulamak	1816
önlem	1816
tümü	1815
bakir	1814
bakire	1814
dinmek	1814
beslemek	1813
sınırsız	1813
hergele	1811
şartlamak	1810
market	1808
opera	1804
hart	1802
nisa	1802
nisan	1802
ziyafet	1801
eşlemek	1800
motosiklet	1800
budamak	1799
kaçta	1799
alıcı	1798
alıç	1798
kesme	1797
doku	1794
fotoğraflamak	1794
timsah	1794
kontes	1789
sekizinci	1789
bulaşıcı	1787
üzüntü	1784
birlemek	1783
birleşmek	1783
manuel	1783
hıyar	1782
soruşmak	1782
sözlü	1782
durak	1777
takviye	1776
pezevenk	1775
stüdyo	1775
kazanç	1774
mürettebat	1770
maksimum	1769
kök	1768
mahvolmak	1768
prezervatif	1768
koka	1765
milyarlarca	1762
paskalya	1761
sıçmak	1760
avantaj	1758
katliam	1757
morfin	1757
etik	1755
doğuştan	1754
dağıtmak	1753
kasırga	1753
boya	1751
boyamak	1751
kasım	1747
sonuçlamak	1746
dudak	1739
monte	1739
şair	1739
ezmek	1736
okur	1736
usul	1735
meşru	1733
olurlamak	1732
estetik	1731
barut	1730
dikiş	1728
lokma	1727
psişik	1727
tedirgin	1723
halim	1722
şah	1722
parazit	1720
bulaşmak	1718
böcekler	1718
federasyon	1718
çukur	1717
yaprak	1716
gönül	1715
şahin	1714
gangster	1711
esmer	1710
günlerce	1710
havalanmak	1706
hoşnut	1706
yokum	1706
ayrılık	1705
mürekkep	1705
nas	1705
kopmak	1704
teşkil	1704
baskın	1700
yapayalnız	1700
eksi	1698
orgazm	1695
zerre	1694
apartman	1690
mülk	1690
gayret	1687
makas	1687
devrim	1686
onaylamak	1685
yakınlarda	1685
caz	1684
esmek	1684
sınmak	1684
evlât	1683
karbon	1683
resimlemek	1682
sah	1682
direnmek	1681
radikal	1681
tekila	1677
bağı	1676
rehber	1676
rezervasyon	1676
serum	1676
tefek	1675
piknik	1674
vatan	1674
gelenek	1670
ehliyet	1669
fişek	1669
bant	1668
ekim	1668
dostluk	1666
keşiş	1666
güvercin	1665
rastlamak	1664
mama	1663
çocukça	1663
varsaymak	1662
buhar	1661
galip	1660
dokunaklı	1659
mühendis	1659
eyvallah	1650
ateşin	1648
görünmez	1648
yürek	1647
ısırık	1647
izlenim	1646
tekrarlamak	1645
kâbus	1644
sözde	1644
korsan	1642
muhafaza	1642
eylem	1641
davetiye	1640
teneke	1640
başıboş	1638
sırılsıklam	1635
altüst	1628
gönderi	1628
muhakkak	1623
baygın	1621
marina	1620
dolandırıcı	1617
sihirbaz	1617
tava	1617
tavan	1617
bale	1616
narin	1616
dernek	1615
tercüme	1615
kuantum	1614
mağaza	1612
müstakbel	1612
bulanık	1609
esnasında	1607
evrim	1607
tasarruf	1607
kötülemek	1604
dışarısı	1602
tıkmak	1602
batman	1600
mekanik	1600
epeyce	1599
tavır	1599
usanmak	1599
yapışkan	1599
bütçe	1598
tertemiz	1598
burs	1597
vekil	1596
yaka	1595
bot	1593
teorik	1592
zam	1592
biricik	1591
versiyon	1591
çizik	1591
duble	1590
tazminat	1589
turist	1587
ayıp	1586
bertmek	1586
def	1586
benzeri	1584
sendika	1583
duruşma	1582
krep	1581
yüzleşmek	1580
çürümek	1580
cips	1579
bulaşık	1578
teşebbüs	1577
fren	1574
yargılamak	1573
bastı	1572
bilardo	1572
derinlik	1572
kurgu	1569
emretmek	1568
mikrofon	1568
muhbir	1567
çivi	1567
diplomatik	1564
mekik	1564
nice	1564
ak	1563
ekran	1563
ekranmak	1563
sincap	1563
kefalet	1561
puro	1561
akciğer	1559
doğaüstü	1556
aylamak	1555
nev	1555
nevi	1555
sabote	1555
motel	1553
fantezi	1550
tırnak	1550
ender	1549
ağmak	1547
çan	1547
havuç	1545
narkotik	1544
müzisyen	1542
geçersiz	1539
krema	1539
hisse	1535
norm	1535
ısırmak	1535
istisna	1534
tahmini	1534
tanrıça	1534
çingene	1534
mendil	1531
ruj	1531
komisyon	1530
donamak	1528
donanmak	1528
mazur	1528
piliç	1528
plazma	1528
derhâl	1527
mani	1527
agresif	1525
lavabo	1525
reşit	1525
şöhret	1525
kalıntı	1522
saygın	1522
kaynamak	1521
ulu	1520
ulumak	1520
dükkân	1518
çubuk	1518
skandal	1515
dandik	1512
kumaş	1511
malik	1510
ham	1509
finans	1506
selamlamak	1506
meteor	1505
kolaylıkla	1503
tayin	1501
yıkamak	1501
yıkmak	1501
bölük	1500
demin	1500
erkenden	1499
çakal	1499
sunu	1498
sonbahar	1496
enfes	1494
lamba	1494
başüstü	1492
marka	1492
presto	1491
kartal	1490
kartalmak	1490
senato	1489
bomboş	1488
stajyer	1487
aş	1486
müttefik	1485
temsilci	1485
irtibat	1484
gazoz	1483
grev	1483
sökmek	1483
bekâr	1482
köfte	1476
psikoloji	1475
cevaplamak	1474
süvari	1474
sakal	1473
striptizci	1473
rekor	1472
netice	1471
ateşkes	1469
becerikli	1469
kalite	1469
deneyim	1468
orkestra	1468
solgun	1466
alem	1465
ayin	1465
tereyağı	1465
tersine	1464
tersinmek	1464
batırmak	1459
kaya	1459
kazak	1459
reis	1459
sancak	1459
light	1457
somut	1456
kibrit	1455
kot	1455
egzotik	1453
karate	1453
medyum	1453
rehine	1452
rehabilitasyon	1451
sarf	1451
ırk	1451
inandırıcı	1449
pazarlamak	1449
anahtarlamak	1448
dük	1448
hasat	1447
tansiyon	1446
horoz	1445
men	1444
yavaşlamak	1444
arı	1443
etek	1443
aciz	1442
kalça	1442
ram	1442
kabuk	1441
vaziyet	1440
belirlemek	1437
sabahtan	1434
sızıntı	1434
züppe	1434
disk	1433
gaza	1433
aktris	1432
yayılmak	1431
niyet	1430
çatal	1430
ipek	1429
protein	1429
aksiyon	1428
sözcük	1428
kusmak	1427
gezinti	1426
ajans	1425
ayyaş	1425
nesne	1425
siper	1424
bisküvi	1423
yağı	1423
kültürel	1422
mini	1422
sinmek	1422
ebediyen	1421
parlamak	1420
barbekü	1419
kumarhane	1418
askı	1416
sevk	1416
zirve	1416
centilmen	1415
davul	1413
sabahleyin	1413
doğrulamak	1410
tabut	1408
güverte	1403
kızartmak	1403
çalar	1403
çalarmak	1403
beta	1402
peruk	1401
kozmik	1400
sersem	1400
şımarık	1399
koz	1398
hurda	1397
melez	1397
tövbe	1397
röntgen	1396
bulvar	1394
konum	1394
buru	1393
paralel	1393
seçilmek	1392
elden	1391
kırılgan	1391
olgu	1391
olgun	1391
öküz	1391
fantastik	1386
minibüs	1384
yakışmak	1384
boşanma	1383
heyecanlanmak	1382
rap	1382
demokrasi	1380
soğukkanlı	1380
atak	1379
viya	1379
edebiyat	1378
finanse	1377
adem	1375
fır	1375
fırın	1375
verem	1375
bekçi	1374
imkân	1374
torpido	1370
sıçramak	1368
arz	1366
mayın	1365
hin	1364
hindi	1364
limonata	1363
üstat	1363
dökmek	1362
vardiya	1362
ergen	1361
müzikal	1360
enkaz	1359
konserve	1359
peygamber	1359
ortalama	1358
ortalamak	1358
bataklık	1356
hemfikir	1356
hakem	1355
karavan	1354
sıralamak	1354
dokuzuncu	1353
vaaz	1353
astronot	1351
allamak	1350
atık	1350
erotik	1350
yırtıcı	1349
ironik	1348
aspirin	1347
keder	1347
çember	1347
keman	1346
çarmıh	1346
yerleşim	1345
cilt	1344
esrarengiz	1343
maça	1340
sayılı	1340
dikilmek	1338
çalışkan	1337
kahkaha	1335
çilek	1335
nüfus	1332
denizaltı	1331
balta	1330
hor	1330
katkı	1330
hacı	1329
kiraz	1329
aceleci	1328
rupi	1328
sel	1328
dekan	1325
referans	1325
penguen	1324
sembol	1324
titremek	1324
çekirdek	1322
dizayn	1321
kavuşmak	1319
yeryüzü	1318
bugünden	1317
prosedür	1317
yoksul	1317
gevşek	1316
mankafa	1316
neşelenmek	1316
pusu	1316
tik	1316
tura	1316
tatsız	1315
aylak	1314
erzak	1314
yatılı	1314
adrenalin	1312
oba	1312
beton	1311
cephane	1310
kutsamak	1310
ürümek	1309
patlak	1302
dolanmak	1301
gıcık	1301
hatıra	1301
mizah	1301
kontrat	1300
yummak	1300
şeftali	1299
hane	1298
piskopos	1298
yaba	1298
yaban	1298
zanlı	1298
boğa	1297
eliyle	1297
koşa	1294
nane	1294
kastetmek	1291
piyango	1289
atmosfer	1288
global	1288
ortaklık	1288
seçki	1288
seçkin	1288
vuru	1288
lahana	1287
önemsemek	1287
kıyak	1286
soyunmak	1286
özürlü	1286
milyoner	1285
mucizevi	1285
gez	1284
ahşap	1282
enayi	1281
koşun	1281
erişim	1280
ceviz	1279
erimek	1279
radar	1279
balistik	1278
sabahları	1278
idrar	1276
cici	1274
cazip	1273
haftalarca	1273
manken	1273
site	1271
uyuz	1270
birara	1268
heba	1267
jambon	1266
cinsiyet	1264
çatmak	1264
çatışmak	1264
armağan	1263
lif	1263
zarf	1262
revir	1261
varis	1261
izole	1260
tango	1260
şahıs	1260
boyut	1258
desteklemek	1258
solunum	1258
fon	1256
titiz	1256
yaklaşım	1255
öykü	1254
meditasyon	1253
veba	1253
çam	1252
öncü	1252
duyuru	1251
esnek	1251
beyinsiz	1249
çuval	1249
mağlup	1248
motive	1248
açgözlü	1247
neva	1247
rahatlıkla	1247
mat	1244
mayo	1244
kadim	1243
skor	1243
uzanmak	1243
dolunay	1242
keş	1241
testere	1241
atıl	1240
atılmak	1240
kefil	1240
tasarlamak	1239
belgesel	1238
solo	1237
klişe	1236
tetikçi	1236
kov	1231
karantina	1230
yalanlamak	1230
diyar	1228
gitgide	1227
pastırma	1226
buğday	1225
dağıtım	1225
geliştirmek	1225
stabil	1223
flora	1221
limuzin	1221
kehanet	1220
otomobil	1220
gezgin	1218
kımıl	1216
darmadağın	1215
haz	1215
mimar	1215
ünite	1215
şaşkın	1215
turşu	1214
çoban	1214
avans	1213
koleksiyon	1213
bölgesel	1212
azap	1210
hidrojen	1209
çalı	1205
perde	1203
ayırt	1202
havas	1197
bor	1194
boru	1194
ağaçlamak	1180
görünür	1178
incelmek	1178
odun	1176
ter	1171
zem	1168
zemin	1168
izlem	1162
yaygı	1160
yaygın	1160
sözleşme	1158
sözleşmek	1158
sakız	1156
görüntülemek	1152
konuşu	1152
acem	1151
acemi	1151
açım	1141
kıl	1140
kılmak	1140
sop	1120
sopa	1120
ayık	1119
ayıkmak	1119
yarasa	1110
belgelemek	1106
boşaltı	1104
hazret	1102
hazretleri	1102
bellemek	1097
yasamak	1092
balon	1091
aya	1090
yatı	1086
tümüyle	1085
kuruş	1083
baro	1073
baron	1073
karma	1070
nedense	1069
alındı	1061
bezmek	1056
sulamak	1050
yudum	1048
dal	1045
göçmen	1040
ateşlemek	1037
kilitlemek	1036
bıçaklamak	1032
yazın	1032
turuncu	1029
turunç	1029
kuz	1028
kuzu	1028
soy	1021
havadan	1020
trend	1018
çekel	1016
parka	1014
kumandan	1013
ölçü	1012
ölçüt	1012
dam	1011
damla	1011
damlamak	1011
tozumak	1010
çak	1008
ağı	1005
anlatı	1004
geçenlerde	1002
balıklamak	1000
sadet	993
aranmak	981
kokuşmak	978
tema	978
yoksun	978
yoksunmak	978
edinç	976
şekerleme	974
şekerlemek	974
dosyalamak	968
numaralamak	967
tutsak	962
dram	956
drama	956
fay	956
çıkarım	956
akşamdan	954
kayıtlamak	952
sulta	952
sultan	952
vesair	950
vesaire	950
bini	948
tanı	948
bedavaya	944
kup	940
tat	938
bastırmak	934
doğma	922
rot	915
rota	915
yeğ	913
yeğlemek	913
arız	912
arıza	912
koşul	910
koşullamak	910
martini	910
ziya	910
ziyan	910
hesabına	907
tüymek	904
es	901
kaçınılmaz	899
göç	894
yıkı	882
yıkım	882
yaşarmak	881
aklamak	879
dadı	875
besi	874
besin	874
çalacak	874
bakarsın	870
yığmak	870
kışın	866
kafadan	864
salgı	864
salgın	864
çiftlemek	864
taşlamak	859
anma	858
yabancılamak	858
karınca	857
dönüşüm	856
kalkışmak	856
ayaklamak	855
kanlamak	849
stratej	848
strateji	848
denge	841
gösteriş	838
hoşt	838
tor	838
torun	838
seneye	834
tepmek	827
önceleri	826
karmaşa	823
karmaşmak	823
bala	821
balayı	821
beraberinde	821
sürme	818
met	815
metin	815
dayalı	812
oturacak	811
aşı	806
taşırmak	806
tiplemek	802
kollamak	798
beyazlamak	796
detaylamak	792
buluş	786
gölgelemek	786
çarpışmak	785
akşamları	784
esermek	783
giyecek	783
bitkin	782
delillemek	780
om	780
omuz	780
paralamak	780
yeti	780
yetim	780
doğaçlama	777
doğaçlamak	777
düşkü	772
düşkün	772
sürgü	772
sürgün	772
tütmek	771
tütün	771
yüklem	769
yüklemek	769
kaçar	767
asma	762
kararlamak	748
pah	748
benzemez	744
iplemek	736
kabil	731
kabile	731
yapışmak	728
umursamaz	722
belemek	720
beleş	720
deve	718
tarım	716
çim	715
çimmek	715
aldırmak	714
bombalamak	713
gelişim	710
topraklamak	710
karaya	703
maymunlar	702
acınmak	700
haklamak	699
gruplamak	694
sığ	694
sığmak	694
gidişmek	692
uğraş	690
dağlamak	689
renklemek	682
katlamak	679
batıl	678
zıp	678
zıplamak	678
tutulmak	677
çizi	676
çizim	676
mim	674
derinden	669
fe	668
fen	668
alışkı	666
alışkın	666
plaka	664
yakarmak	663
gazlamak	662
tuğ	660
tuğla	660
yal	660
değişke	659
değişken	659
yastık	659
sayılamak	655
çağ	650
çağmak	650
büyütmek	649
kapılmak	647
taşım	646
yoğurmak	644
yoğurt	644
barınmak	643
yakacak	643
havan	642
amaçlamak	635
karışım	633
kaynaklamak	632
kaynaklanmak	632
beyninde	630
işaretlemek	628
söndürmek	626
sönmek	626
tanıtı	624
tanıtım	624
kitle	622
koordinat	622
koordinatlar	622
alış	621
koçu	618
çevirme	618
çevirmen	618
uydurma	617
uydurmak	617
güreş	615
güreşmek	615
yazılım	614
atım	612
laflamak	612
uçar	609
boz	608
deneylemek	604
hasa	604
kıracak	604
değişmez	589
sayım	584
erinmek	580
tasar	576
tasarı	576
tasarım	576
dünden	572
değerlemek	570
değerlendirmek	570
değerlenmek	570
kova	552
deyim	547
bildiri	527
çıkartı	516
yatsı	514
kurum	513
kak	512
kaka	512
kakmak	512
sırlamak	512
sini	504
kazı	486
kazımak	486
bindi	481
dayanılmaz	481
girişim	455
ağa	447
tanım	430
pi	428
pisi	428
serin	425
etkin	418
bağır	415
bağırsak	415
alıştırma	414
alıştırmak	414
gereksemek	404
takınmak	393
karınlamak	386
soya	324
yaya	318
öze	303
özemek	303
özen	303
özenmek	303
